4136033190070|1||faurelepage.myshopify.com|4136033190070
4136585887926|1||faurelepage.myshopify.com|4136585887926
4136635629750|1||faurelepage.myshopify.com|4136635629750
4136676491446|1||faurelepage.myshopify.com|4136676491446
4136750219446|1||faurelepage.myshopify.com|4136750219446
4136785543350|1||faurelepage.myshopify.com|4136785543350
4136884306102|1||faurelepage.myshopify.com|4136884306102
4136858648758|1||faurelepage.myshopify.com|4136858648758
4136914288822|1||faurelepage.myshopify.com|4136914288822
4132694261942|4|7281840930|faurelepage.myshopify.com|4132694261942
4132321198262|4|3763605834|faurelepage.myshopify.com|4132321198262
4132372775094|4|5194811672|faurelepage.myshopify.com|4132372775094
4132682858678|4|5077719706|faurelepage.myshopify.com|4132682858678
4132640882870|4|4458351881|faurelepage.myshopify.com|4132640882870
3786749739217|4|3763652034|en-faurelepage.myshopify.com|3786749739217
4130704752822|4|4295187293|faurelepage.myshopify.com|4130704752822
4129533788342|4|4839968490|faurelepage.myshopify.com|4129533788342
4130062926006|4|2590066253|faurelepage.myshopify.com|4130062926006
4130061811894|4|3145647164|faurelepage.myshopify.com|4130061811894
4129952039094|4|3145698430|faurelepage.myshopify.com|4129952039094
4130046967990|4|4294957973|faurelepage.myshopify.com|4130046967990
4130187772086|4|4458335350|faurelepage.myshopify.com|4130187772086
4130853814454|4|4295255031|faurelepage.myshopify.com|4130853814454
4130916925622|4|4458412630|faurelepage.myshopify.com|4130916925622
4125232464054|4|2590007906|faurelepage.myshopify.com|4125232464054
4125828350134|4|7034264871|faurelepage.myshopify.com|4125828350134
4126307451062|4|4295223380|faurelepage.myshopify.com|4126307451062
4126277435574|4|7034279383|faurelepage.myshopify.com|4126277435574
4127008227510|4|4295199296|faurelepage.myshopify.com|4127008227510
3784404041937|4|5077676380|en-faurelepage.myshopify.com|3784404041937
4128526991542|4|5077620715|faurelepage.myshopify.com|4128526991542
4128627753142|4|3145670846|faurelepage.myshopify.com|4128627753142
4132157522102|4|3763638476|faurelepage.myshopify.com|4132157522102
3787058381009|4|2993764826|en-faurelepage.myshopify.com|3787058381009
4133201182902|4|2993566973|faurelepage.myshopify.com|4133201182902
4133320360118|4|4743280894|faurelepage.myshopify.com|4133320360118
4133317116086|4|5077591934|faurelepage.myshopify.com|4133317116086
4133338185910|4|5077875644|faurelepage.myshopify.com|4133338185910
4133344542902|4|9790664590|faurelepage.myshopify.com|4133344542902
4133431738550|4|5077913352|faurelepage.myshopify.com|4133431738550
4133598068918|4|9790578545|faurelepage.myshopify.com|4133598068918
4133802148022|4|2588588940|faurelepage.myshopify.com|4133802148022
3787424727249|4|9790588334|en-faurelepage.myshopify.com|3787424727249
4134016286902|4|5078010965|faurelepage.myshopify.com|4134016286902
4134029656246|4|5077763110|faurelepage.myshopify.com|4134029656246
4134459015350|4|5245548151|faurelepage.myshopify.com|4134459015350
4134898598070|3||faurelepage.myshopify.com|4134898598070
4134980878518|3||faurelepage.myshopify.com|4134980878518
4134794723510|4|4959830256|faurelepage.myshopify.com|4134794723510
4134620954806|4|3877651551|faurelepage.myshopify.com|4134620954806
4134454165686|4|5982894002|faurelepage.myshopify.com|4134454165686
4134800982198|4|8307498194|faurelepage.myshopify.com|4134800982198
4135041302710|4|5982827126|faurelepage.myshopify.com|4135041302710
3787959894225|3||en-faurelepage.myshopify.com|3787959894225
4135115686070|4|3877648434|faurelepage.myshopify.com|4135115686070
4135143506102|4|6101229724|faurelepage.myshopify.com|4135143506102
4135143866550|4|5982873724|faurelepage.myshopify.com|4135143866550
4135262683318|4|4190284895|faurelepage.myshopify.com|4135262683318
4135258849462|4|3877660706|faurelepage.myshopify.com|4135258849462
3788034408657|4|5245596226|en-faurelepage.myshopify.com|3788034408657
4135348961462|4|3877478006|faurelepage.myshopify.com|4135348961462